average_rating,author_id,name,ratings_count
4.08,626222,Anita Diamant,546796
3.68,9212,Jennifer Weiner,888522
3.84,3083854,Tom Wolfe,210744
4.01,3389,Stephen King,10666719
4.1,1265,Jane Austen,4693826
4.13,16667,Isaac Asimov,1533093
3.97,123715,Agatha Christie,2559239
4.04,1938,Friedrich Nietzsche,250672
3.61,9343,Kate Mosse,83451
3.98,5031025,Anton Chekhov,190472
4.06,8164,Lewis Carroll,1022402
4.04,36346,Jennifer Donnelly,143792
4.17,3137322,Fyodor Dostoyevsky,1052406
3.68,13730,R.L. Stine,670491
3.84,854076,Robert Louis Stevenson,834908
3.95,3354,Haruki Murakami,1588319
3.82,10885,Edgar Rice Burroughs,220737
4.19,238787,Philip Van Doren Stern,1972
3.64,5669,Leslie Kelly,20519
3.75,512651,Seno Gumira Ajidarma,14563
3.88,8794,Charles Stross,184596
3.74,2565,Ian Fleming,232196
4.08,8993,O. Henry,120633
4.04,35007,William Horwood,11300
4.14,1023510,R.A. Salvatore,677940
4.15,5158478,Anonymous,1070234
4.13,6378,Hans Christian Andersen,258513
4.18,570218,Dalai Lama XIV,179842
3.84,106843,G.A. Henty,18375
4.03,1580,Humphrey Carpenter,17046
4.0,8685,Mercedes Lackey,810564
4.05,1244,Mark Twain,4087862
4.23,7417657,Cook's Illustrated Magazine,31181
3.9,6206,Jenny Nimmo,165124
4.0,73435,Maxine Chernoff,315
3.8,5194,Michael Crichton,1999836
4.14,1654,Terry Pratchett,3267646
4.15,4610,John Sandford,665039
4.37,346732,George R.R. Martin,4277240
4.21,2448,Arthur Conan Doyle,1424024
3.96,7128,Jodi Picoult,2963318
4.31,656983,J.R.R. Tolkien,6424927
4.0,21706,Jeffrey Scheuer,19
4.12,17059,Lynsay Sands,445073
3.72,3370,Geneen Roth,18224
4.0,13388,Shirley Jackson,244025
3.91,21700,Matt Weinstein,172
4.08,21699,Luke Barber,117
3.98,21702,Barbara Bottner,4492
4.18,26181,Peggy Rathmann,68723
3.88,21701,Mari Mancusi,44780
3.8,21705,Rick Tramonto,283
3.85,21704,Mary Goodbody,694
4.15,75038,Tim Turner,1180
3.94,143971,Peter H. Selby,181
4.16,6252,Robert Jordan,1809448
4.02,38951,John Connolly,179327
3.82,296961,Paul Auster,249894
3.7,68285,Maaike Bakker,27
3.88,199983,Murray Edelman,132
4.0,51204,Alastair Reynolds,191847
4.03,874602,Ursula K. Le Guin,700499
3.81,57814,Robert Reed,23440
3.87,4338,Robert Silverberg,158450
3.82,14454,Michael Swanwick,62295
3.83,142683,Gary Watson,149
3.99,24183,Morgan Llywelyn,26761
4.03,27100,Michael Scott,404916
4.13,6765,Virginia Woolf,2725563
4.11,339874,Josie Litton,6933
3.97,3780,James Patterson,4717668
3.88,108548,Eleanor Arnason,4567
3.74,124999,Anya Ulinich,2000
4.15,14734208,John M. Gottman,18646
4.08,31962,Joan DeClaire,4332
3.55,125002,Maurice J. Elias,157
3.4,353065,Steven E. Tobias,95
3.43,353067,Brian S. Friedlander,93
3.9,585,John Steinbeck,2959471
3.89,6563919,Maurice-Edgar Coindreau,1045
4.19,232305,Judith Larner Lowry,47
4.13,14002590,W.H. Auden,24480
3.94,6989,Rudyard Kipling,303560
3.74,21042,Will Ferguson,20926
3.83,3946149,Katimaviktim,90
4.09,172977,Malorie Blackman,92121
3.96,1356336,L.A. Banks,88455
4.07,29305,Robert Mankoff,2108
4.17,29303,David Remnick,17351
3.78,4747,Adam Gopnik,19995
4.04,106,Madeleine L'Engle,1031251
4.02,10074,Ellen Raskin,131043
3.89,19365,George Guidall,16380
3.81,196963,Nick Pollotta,2905
3.88,201553,James Clay,102
4.06,2345,Nicholas Sparks,4600277
3.47,167069,Paul Burston,376
3.96,13931,Alice Alfonsi,5430
4.09,36122,Patricia C. Wrede,272562
3.98,17735,Ryder Windham,14103
3.84,26930,J. Sheridan Le Fanu,53125
3.66,45332,Christiane Heggan,1273
3.7,45333,Lynn Bulock,656
3.52,149387,Lenore Fleischer,127
4.22,12948,Rumiko Takahashi,234525
4.01,146303,Mark Harris,2770
3.99,14403,Ambrose Bierce,51100
4.01,2802356,Herge,227167
4.07,18015,Joss Whedon,398617
4.07,33227,Colleen Coble,73192
3.78,69826,Joan Lingard,3005
3.82,14160,Marilyn French,9806
3.88,25486,Emmanuel Le Roy Ladurie,1706
4.05,67376,Robert Jay Lifton,3798
3.87,17613,Lawrence Block,151251
4.15,86821,David Antin,803
3.5,5552,George Myerson,167
4.07,227840,Jean Estoril,2806
4.03,4114801,Mabel Esther Allan,3148
3.41,17818,Michael Goss,34
4.26,17817,George Behe,74
4.17,909675,Irvin D. Yalom,98961
3.87,239579,Charles Dickens,2534985
3.52,304718,Janni Howker,255
3.6,22793,Fred Feldman,119
3.0,414552,Georges Sayad,1
4.05,8166,Lawrence Durrell,27590
3.77,19984,Clare Beaton,1255
3.43,245405,Suzee Vlk,105
3.91,26496,Imre Kertesz,9450
3.93,58851,Hilary Mantel,210374
4.02,6244,Ridley Pearson,223275
3.66,64163,Jenefer Shute,919
3.83,225268,Cris Beam,8745
4.24,77295,Martin McDonagh,18909
3.72,12952,Cathy Kelly,39845
3.82,39349,Ariel Dorfman,6623
2.0,217794,Lorine M. Getz,2
4.19,190923,James Ruppert,130
3.88,7617779,Dennis McAuliffe Jr.,32
3.94,43697,Keith R.A. DeCandido,40630
3.76,145046,Alan Zweibel,4403
3.17,6886677,Alex Tiani,29
4.2,84062,David Catrow,48109
3.59,81158,Caryl Phillips,3692
3.65,947602,Michel Rivelin,69
4.21,3362,Eric Carle,713748
4.0,531982,Ted Hopf,31
3.77,10275,Graham Masterton,44621
3.83,178567,John Naughton,424
3.9,8127,William Morris,15456
3.79,214294,Paul Halpern,1115
3.75,324233,Richard Koss,107
3.88,31855,Christian Jacq,37166
3.97,48894,Susan R. Sloan,1931
3.8,50031,Barnaby Legg,98
3.65,50029,Jim McCarthy,925
3.64,50030,Flameboy,429
3.62,642609,Marjie Hathaway,533
3.92,1108608,James Hathaway,105
3.63,3925665,Jay Hathaway,525
3.9,3970891,Susan Hathaway Bek,103
4.13,50973,Israel Regardie,13423
4.01,3895083,Cris Monnastre,1630
3.95,3263357,Carl Llewellyn Weschcke,1821
3.39,64207,Suzanne S. Bell,150
4.06,10034,Mike Thaler,22822
4.05,91779,Jared Lee,26630
3.99,4735,Kathryn Lasky,194821
4.02,472036,Kevin Hawkes,57224
4.06,64206,Jeanette Winter,11298
3.58,1676616,Warren Graham,544
3.52,64211,Larry Beinhart,1028
3.25,64210,Ronald R. Powell,155
3.21,64209,Lynn Silipigni Connaway,147
3.89,64208,Toni Buzzeo,8246
3.6,2500261,Sachiko Yoshikawa,1784
4.04,134143,Penn Jillette,47243
3.99,34532,Teller,2077
4.11,60177,Guy Gavriel Kay,165534
3.16,80213,Ian Sansom,5981
3.74,25334,Sarah Waters,227372
3.86,947,William Shakespeare,5184553
4.21,87041,Alan Turing,309
3.92,1093460,B. Jack Copeland,419
3.67,87038,Greg Nees,121
4.37,209672,Charles M. Schulz,67048
4.21,127464,Robert E. Svoboda,2773
4.0,5747740,Robert Svodova,1
4.0,2747467,Fermin Guisado,7
3.51,307584,Shantha Godagama,35
4.0,1235,Jon Krakauer,1200651
3.76,13635,Anne Stuart,89831
4.47,2876959,Charles Haddon Spurgeon,18418
4.14,11646,Lynda Barry,33602
3.89,1071,Edwin C. Bliss,160
3.48,36347,Vendela Vida,12444
3.33,330135,Dawn Porter,123
3.88,30681,Joseph Roth,15156
3.7,44475,Kerson Huang,148
4.05,44474,Rosemary Huang,43
3.69,87097,Leslie Pockell,916
3.85,2107142,Celia Johnson,68
3.73,243908,Michael Kilian,517
3.91,217376,James G. Randall,78
4.16,7922,David Herbert Donald,28747
3.82,4006566,Jean Harvey Baker,39
3.58,104088,Michael F. Holt,979
3.96,879521,P.T. Deutermann,6740
3.56,2423,Francine Pascal,224635
3.49,169001,Kate William,93220
3.6,94463,Norman B. Spector,35
4.11,4041274,Eugene Vinaver,14095
4.01,256988,Kanari Yozaburo,4751
3.82,3128534,Hablot Knight Browne,742099
4.05,61934,Dorothy Gilman,69427
4.35,226618,Ian Angus,1359
3.82,252733,Russell Jacoby,507
4.57,76131,Robin Blaser,639
4.17,69451,Wayne Burns,12
3.5,855243,Harvey J. Graff,60
3.71,405214,David Kettler,7
4.41,213575,Jeff Wall,208
4.0,13475610,Jerry Zaslove,4
3.92,6471748,Linda  Stewart,200
3.83,83885,John Hospers,175
4.24,83883,Vijay V. Vazirani,45
3.92,223312,Ian Carmichael,795
3.98,1466,Jean-Paul Sartre,230704
3.97,3472,Margaret Atwood,1535280
3.69,18874,Susan Hill,95472
3.81,27798,Chet Williamson,11395
3.94,28574,Jude Deveraux,322308
3.94,33031,Ian Rankin,243858
3.59,32979,Richard Appignanesi,9392
3.55,32978,Chris Garratt,1648
3.57,89341,Ziauddin Sardar,3380
3.66,13333,Patrick Curry,1182
3.89,6620,Greg Cox,22266
3.81,33876,Mary Jo  Putney,72961
4.24,93839,John Loren Sandford,576
4.19,81603,Paula Sandford,462
4.02,1315,Louisa May Alcott,1533077
3.64,58995,Lass Small,897
4.09,24951,Aleksandr Ivanovich Kuprin,9543
3.99,23278,Melanie Mitchell,2273
4.01,29527,Charlotte Perkins Gilman,144068
3.89,15151,Zora Neale Hurston,223299
4.03,4176632,W. Somerset Maugham,152904
3.89,5246,Amy Tan,813367
4.04,128382,Leo Tolstoy,875280
4.27,153394,Suzanne Collins,9359797
4.21,260042,Stella Starsky,1379
4.21,260041,Quinn Cox,1377
4.1,124714,Tim Egan,2999
3.7,2279,Geoff Dyer,55933
3.81,1189856,Home Depot,486
3.92,47872,Robert E. Quinn,1304
3.87,30953,Donald E. Westlake,37218
3.89,8694,Tanith Lee,143720
4.02,10420,Aleksandr Solzhenitsyn,116276
3.76,16,Edith Wharton,340829
3.26,411872,Hydr Hydr,1444
3.87,56969,Daniel Barenboim,694
3.97,24390,Edward Said,64493
3.85,3534,Toni Morrison,599193
4.0,5634124,Ruth Dowling Brunn,2
4.18,90123,Bertel Bruun,588
4.25,3510823,Walt Disney Company,457629
3.83,18738,David Klass,14114
4.04,13479797,E.F. Benson,24458
4.26,2956067,Micheal Mac Liammoir,1077
3.9,54836,Paul Blustein,406
4.01,9152,Donald J. Sobol,65817
4.0,1178971,Ib Ohlsson,1210
4.27,6867702,America's Test Kitchen,29717
3.89,18067,Georgette Heyer,295458
3.81,151920,Phyllis A. Whitney,30109
4.01,7,Bill Bryson,1014813
3.94,16939,Michael Moorcock,206554
3.89,14150,Martha Grimes,93522
4.3,30041,Jeff Cooper,1077
3.8,21616,Ann M. Martin,368092
4.14,8725,Tomie dePaola,126509
4.44,1077326,J.K. Rowling,18532721
3.76,368850,David M. Rhoads,180
3.75,529330,Donald M. Michie,140
3.79,529329,Joanna Dewey,138
3.55,204339,Imran Ahmad,598
3.96,71767,Carole Pateman,299
4.09,3907971,Francisco Abril,123
3.93,5124,Gilbert Hernandez,30938
4.15,4766238,Jaime Hernandez,28270
3.86,62108,Christopher Hibbert,13653
3.62,73546,Liza Cody,1215
4.31,8052,Pema Chodron,73921
4.06,23862,Herbert R. Kohl,4551
4.26,144092,George Rodrigue,432
3.89,373292,Bruce Goldstone,893
4.49,108424,Patrick Rothfuss,868789
4.06,29541,Robert D. San Souci,13356
3.96,5989,Jane Yolen,290324
4.03,496121,Brian Pinkney,11905
4.33,283152,Molly Groger,12
4.35,25838,Sam McBratney,112982
4.34,63392,Anita Jeram,114458
4.18,5300,Laura Ingalls Wilder,958994
3.99,24690,John D. MacDonald,203715
3.81,1733,Bruce Lansky,5191
3.47,2885224,Marquis de Sade,33732
4.03,5209023,C.L. Moore,10490
3.72,11460,Lynn Harris,1656
4.06,11463,Tamara Leigh,13169
3.98,22395,Mortimer J. Adler,15130
3.83,250593,Sheldon B. Liss,6
3.52,270741,Marilu Henner,872
3.06,412792,Ruth Velikovsky Sharon,66
3.67,2042,Nancy Friday,5052
4.04,5310,Lois Lenski,63234
3.86,4766,Andre Norton,130190
3.84,7244324,Robert   Adams,7648
3.89,89612,Johanne Killeen,74
3.89,3912147,George Germon,74
3.78,73617,Pamela Kaufman,2585
4.01,13996,Harry Crews,12092
4.03,278189,Kathie Billingslea Smith,366
3.71,36521,Deborah Leblanc,1503
3.58,92358,Linda Roghaar,620
3.6,92357,Molly Wolf,656
4.04,4197526,Richard Francis Burton,54156
3.71,67037,Cathy Maxwell,28836
3.9,1563,Steven Johnson,60501
3.65,26099,Niki Burnham,15296
3.62,179791,Amy Saidens,1658
3.63,104390,Cheri Scotch,317
4.05,2778055,Kurt Vonnegut Jr.,2021453
4.21,54323,Alastair Brotchie,1264
4.13,52258,Malcolm Green,558
4.21,193502,Antony Melville,291
4.07,40211,Andrew Thomson,3956
4.14,116236,Raymond Roussel,1315
3.6,41703,Paul Hammond,4171
4.07,86801,John Ashbery,14259
3.9,225207,Barbara Wright,13274
4.43,4032322,Alec Gordon,23
4.43,628,Catherine Allan,23
4.29,667518,John Harman,122
4.35,4463085,Kathleen Cannell,23
3.68,23788,Martin Sorrell,21947
4.45,4463086,Roderick Masterton,22
4.25,2311990,Robert de Montesquiou,87
3.91,73111,Philippe Soupault,678
4.09,844521,Pierre Janet,47
3.92,1281461,Roger Vitrac,72
4.05,165858,Salvador Dali,6698
3.77,54133,Andre Breton,10943
3.87,29880,Michel Butor,2790
4.07,3020753,Jean Ferry,147
3.71,65996,Michel Leiris,866
3.79,31274,Alain Robbe-Grillet,7396
4.12,235752,Jean Ricardou,48
4.45,170032,Leonard Sciascia,22
4.45,4463084,F.T.,22
3.71,28357,Jane Kramer,284
3.88,3190,F. Scott Fitzgerald,3145639
4.08,7222053,Matthew J. Bruccoli,26093
3.31,201013,Jill Andresky Fraser,59
4.08,62537,William H. Pritchard,752
3.64,390151,Eric Brockman,14
3.92,13608,Phyllis Reynolds Naylor,138237
4.13,15085,Frank Miller,595832
3.92,133039,Gary Paul Nabhan,2226
4.12,85545,Kristen Britain,77426
4.02,117887,Tracie Howard,421
4.02,248692,Danita Carter,182
3.76,320776,Robert H. Eisenman,516
3.39,181368,Sharon Kendrick,15765
3.25,158285,Lands' End,4
3.89,53126,Todd Lyon,93
4.1,30465,Douglas Wilson,16346
3.84,13957,Scott Westerfeld,1247344
3.88,6853,Jeffrey Meyers,5195
3.88,20850,Walter Mosley,97815
3.73,8399330,Jorgen W. Weibull,15
3.78,12696,Jerry Spinelli,483223
4.0,14577687,Livy,12544
4.71,1375334,Frank Gardner Moore,31
4.18,302994,David A. Campbell,169
4.22,153568,Leisha Kelly,3807
4.08,41112,Rex Stout,113816
3.97,160252,Stephen Greenleaf,3127
3.77,35900,Linda Barnes,19193
4.1,83057,Don Coldsmith,4359
3.91,11258,Stuart M. Kaminsky,19032
3.96,43763,Robert Goldsborough,10963
3.94,36494,Patricia Sprinkle,6796
3.83,1353301,V.C. Andrews,610757
3.97,31237,Richard F. Newcomb,864
3.91,7015096,Joan  Anderson,8666
3.81,11195,Ronlyn Domingue,5629
4.18,11193,Joe Simpson,42792
3.92,28065,Peter D. Ward,2319
3.84,3857933,David W. Ehlert,97
3.84,229566,Langdon Hammer,693
4.13,117633,Kathleen Jamie,1997
4.02,211229,Lorna Crozier,1046
3.95,3506,Carson McCullers,111206
3.59,4370,Elizabeth Wurtzel,59085
3.83,2954440,Fodor's Travel Publications Inc.,8278
3.81,2798993,Josh McIlvain,62
3.63,4511332,Alexis C. Kelly,82
3.57,170012,Deborah Kaufman,49
4.01,24365,Carol Lloyd,316
4.19,1114699,Henry Cloud,60124
3.69,223251,Kay Greenlees,39
4.15,4785,Alexandre Dumas,1002446
3.82,14255,Danielle Steel,621934
3.98,1285555,Jose Saramago,290176
3.47,1448,Karen Joy Fowler,157661
3.58,47416,Stefan Halper,158
3.66,47415,Jonathan Clarke,41
3.56,182771,Sarah Hall,10692
4.13,12366,Patti Kelley Criswell,1350
4.05,841062,Stacy Peterson,349
4.03,51178,Sarah Masters Buckey,8277
3.83,88412,Rick Walton,4401
4.05,21271,Trula Magruder,572
4.13,183770,Lauren Scheuer,1014
3.86,117184,Ann Howard Creel,21393
3.96,654066,Doron Ben-Ami,1640
3.86,16881,Peter Ackroyd,100641
4.77,1419018,Robert Adams,115
3.98,67899,Orson Welles,2565
4.02,10229,Christopher Isherwood,44981
3.72,35314,Graciela Montes,641
3.86,509460,Julie Rubenstein,5427
3.82,644,Marcia Muller,50531
4.29,19278,Alfred Huang,551
4.14,7481425,Liu Yiming,320
4.0,2969362,Sara Dormon,16
3.96,3167,Joseph Heller,613185
3.88,48308,Chris Bunch,16364
3.93,95295,J.M. Jeffries,1375
4.07,1834164,Seressie Glass,182
3.94,21698,Natalie Dunbar,501
3.82,9599,Paul Theroux,103908
3.5,3345,Joseph Conrad,450865
3.37,66939,Owen Knowles,2438
3.56,81401,Robert Hampson,7033
3.88,57501,Michael Frayn,45460
4.19,97655,Bruce Cohen,26
3.47,60610,Brian Fitzgerald,81
3.84,436181,Robert Tacoma,819
3.8,10082,Fred Saberhagen,57936
4.25,62157,Robert Alter,4269
3.99,225843,Carol Cosman,5219
3.58,65686,Robert Leuci,202
3.7,3090,Helen Fielding,929647
3.45,127347,Valerie Sayers,181
4.13,2041,Frances Hodgson Burnett,964999
4.15,776,Michael   Lewis,410740
4.03,137976,Tom Carter,1845
3.95,84172,Carlton Stowers,1891
3.84,332165,Helen Garner,17277
3.66,457,Anne Tyler,339248
3.91,9355,Dean Koontz,2055739
3.86,7622,Patricia Highsmith,121263
3.71,9693,Georges Simenon,57033
3.71,344522,P.D. James,297861
3.82,2971291,Geoffrey Sainsbury,2337
3.86,134769,David Watson,10785
3.96,6569,Louis Sachar,1004683
3.86,7540,Cynthia Voigt,67603
3.77,123559,Peter Wyden,511
4.05,4261,Allen Ginsberg,160588
3.95,2238,Isabel Allende,555682
3.85,6590,Jean Plaidy,64508
3.73,76640,Jane Addams,1368
4.0,226190,Kenji Ekuan,17
3.89,177865,David B. Stewart,47
3.8,10214,Erle Stanley Gardner,47644
3.77,186184,Barbara Albright,625
4.0,161899,Alexandra Grablewski,869
3.73,19874,Larry King,5411
3.69,100733,Irwin Katsof,54
4.13,256172,Robert H. Schuller,3490
3.64,2007,Daniel Defoe,254365
3.58,7505,Alice McDermott,32745
3.8,33451,Valerio Massimo Manfredi,35376
3.6,40416,Amelie Nothomb,83305
4.26,136822,Peter H. Beard,473
3.72,45531,Charles Baxter,26805
2.71,4615161,Shobhaa De,3928
3.81,6477407,Charles L. Mee Jr.,638
3.78,3903965,Charles L. Mee,586
4.07,4174,Sherman Alexie,297197
3.85,50408,Geoff Ryman,15237
3.81,1879,Franklin W. Dixon,166575
4.07,107772,Kirsten Beyer,7435
3.92,63199,Marco Palmieri,2679
3.85,143691,Ilsa J. Bick,44655
3.88,43771,Robert Greenberger,10248
3.85,22628,Heather Jarman,2235
3.84,1288106,Terri Osborne,1046
3.9,2873210,Kim Sheard,605
3.82,32643,James Swallow,31917
3.75,133332,Geoffrey Thorne,1644
3.91,3135634,Jeffrey  Lang,3723
3.94,2873209,Robert T. Jeschonek,2071
3.83,58125,Christopher L. Bennett,9146
3.76,39144,Norman Page,12757
3.74,34713,Joseph O'Connor,11378
3.85,173419,Stephen Kramer,111
3.82,21684,Dennis Kunkel,268
3.7,91115,James Sallis,19023
3.55,280167,Jack Hodgins,899
4.38,227750,Vickie M. Stringer,8298
4.15,132162,Helen Waddell,401
4.39,264213,Bryan Talbot,156516
3.62,153418,Judy Eron,32
4.19,737057,Xavier Francisco Amador,750
3.45,36098,Juan Valera,1468
4.16,8591,Janny Wurts,100120
3.85,167400,Stephanie Bond,92893
3.82,50,Heidi Betts,17770
3.98,24689,Harlan Coben,837403
3.97,6432746,Frank  Smith,482
3.92,87050,Joan Jacobs Brumberg,8213
3.92,49680,Mia Couto,11408
3.79,49679,David Brookshaw,2077
4.27,437674,Khephra Burns,74
4.0,69649,Mira Schor,106
3.98,28083,Stephen R. Lawhead,121091
4.27,6900,Thomas Keneally,127281
3.0,782686,Louise C. Spiker,1
3.94,39781,Jonathan London,33152
3.94,257031,Frank Remkiewicz,36171
3.41,163598,Deborah Blumenthal,3419
3.71,613911,Harvey Stevenson,414
3.6,54502,Rexanne Becnel,2681
3.93,10896,Eoin Colfer,1149818
3.86,3072763,Maxim Gorky,25739
3.98,399343,Jessie Haas,2352
3.9,114964,Caroline Elkins,852
4.19,5350,L.M. Montgomery,1260587
3.88,1361285,Susan O'Malley,1476
4.09,6563189,Laura  Fernandez,215
4.05,171003,Rick Jacobson,229
4.36,5832894,Kate Butler MacDonald,77
3.96,69974,Erik L'Homme,5028
3.95,81259,James H. Street,290
3.5,96503,Sarah Woodruff,30
3.49,330751,Francine Maroukian,65
3.8,8209,Donald Spoto,11439
4.29,949988,Horace Hart,76
3.83,9393,Michael Novak,619
4.23,308679,Shin Yu Pai,66
3.74,805184,Jennifer E. Smith,194060
3.7,162007,Sonia Levitin,3006
4.01,8730,Naomi Novik,299897
3.97,8726,Richard Matheson,265785
4.01,232226,Renee Graef,43488
4.05,39410,Kjartan Poskitt,3160
3.73,3014809,Ivan Klima,4433
3.9,18111,Tony Abbott,43189
3.99,29952,Jean Genet,18815
3.94,155342,Bernard Frechtman,15055
4.28,27372,Kazu Kibuishi,158220
3.94,1730,Umberto Eco,429798
4.23,13847,Charles Baudelaire,58137
4.05,2687,Dan Simmons,446200
3.75,7994,Jean-Jacques Rousseau,62176
3.76,3512996,Ronald Malfi,8398
3.82,10635,Douglas C. Giancoli,542
3.59,17262,Katsu Aki,4340
4.11,4273,Roald Dahl,2417824
4.07,140581,Cindy Neuschwander,5743
4.07,450052,Wayne Geehan,5565
3.93,91435,Jean Illsley Clarke,291
3.97,91433,Connie Dawson,237
3.99,7014283,G.K. Chesterton,118616
4.13,157595,Reba McEntire,1368
3.81,21944,Liz Carlyle,32523
3.76,14015,Victoria Alexander,41803
3.84,86778,Eloisa James,212678
3.85,7136914,Ann Patchett,564080
3.67,754947,Maja Ueberle-Pfaff,165
4.1,29357,Martin Buber,10082
4.07,156267,Paul Mendes-Flohr,140
3.64,593181,Jonathan Dickinson,56
4.06,28018,Elmer Kelton,8520
4.18,1018547,Yoko Kamio,53211
4.18,6420321,Shen Wei Xie Zi,47996
4.19,8477,Yumi Hotta,25743
4.35,15577045,Takeshi Obata,415219
4.05,89532,Osha Gray Davidson,473
3.57,68255,Bill Gaston,769
3.77,6618,Gene Wilder,6411
4.02,15865,William James,14942
4.31,16174,Jane Roberts,14201
3.99,296321,Geoffrey R. Stone,469
3.77,62303,Cass R. Sunstein,37902
3.95,51482,Ethan Mordden,2505
3.87,284466,Donna Morrissey,4740
4.1,503056,Else Lasker-Schuler,254
4.28,572242,Janine Canan,83
3.95,16591175,Fiona  Shaw,360
4.11,31122,Rick Bragg,36095
3.76,2353,Mary Daheim,32591
4.0,3892,Tom Clancy,1136915
3.99,27310,Joseph P. Farrell,1565
4.25,297002,Bernard Clayton Jr.,866
3.81,11449,Ben M. Baglio,32773
4.0,113561,Osamu Dazai,15200
3.85,324549,Ralph F. McCarthy,1222
4.1,40881,Alexandra Ivy,124232
4.06,80824,Milorad Pavic,9529
4.21,5139,Charles R. Swindoll,16670
4.19,27694,Charles W. Colson,15614
3.62,7858091,Elizabeth   Crook,1778
4.11,10359,Lynn Kurland,79231
3.94,433173,Jamel Akib,5527
3.96,433174,Arthur Pober,106939
3.56,553188,Jill M. Phillips,97
4.0,390284,Nicholas Ande,3
4.0,5807995,W.K.C. Guthrie,720
3.95,1036736,Katherine Applegate,355869
4.13,8944,Robert Crais,244760
4.17,297594,Jim Black,58
3.83,19869,Donald R. Burleson,2456
3.72,1407244,Richard  Kelly,1300
3.82,13454,Nancy Willard,6389
3.78,14354,Stuart J. Murphy,4083
3.66,93472,Thomas M. Connolly,187
3.54,206898,Cynthia Thayer,630
3.95,230092,Gregory M. Colon Semenza,272
3.92,119023,Michael Berube,737
3.87,50246,Walter Russell Mead,688
3.9,27069,Richard Yates,92784
3.85,9556,Diane Mott Davidson,142028
3.96,88410,Thomas Hoving,1800
3.89,3386028,Lori Stein,161
3.74,3943079,Kate Learson,97
4.36,15981,Zola Levitt,380
3.74,19286,Elizabeth Moran,153
3.75,19285,Joseph Yu,89
3.82,153693,Kerry Milliron,182
4.38,46740,John Sherrill,247520
3.51,95830,Glenn Reynolds,196
3.82,9346,James Luceno,73926
3.78,31253,Jake T. Forbes,7957
3.68,203791,Chris Lie,4350
4.12,8588,Raymond E. Feist,679046
3.65,45331,Rupert Holmes,981
3.96,16218,Christopher Moore,606882
3.9,75252,Walter D. Mignolo,567
4.25,1058367,John F. MacArthur Jr.,39130
4.19,55038,James Montgomery Boice,2660
3.88,24599,Ben Templesmith,44069
3.86,43626,Jonathan Kellerman,383299
4.07,699838,Andris A. Zoltners,106
3.9,410680,Ivan Turgenev,92737
3.53,39752,Clare Francis,2186
4.05,11307,Peter Watson,4017
4.21,19708,Leon Uris,180778
3.94,32970,Jill Uris,453
3.97,12476,Joe Haldeman,175696
4.22,4589154,John Chrysostom,1826
4.5,3889705,Catharine P. Roth,201
4.41,8361,Dorothy Dunnett,39986
3.3,17815,Richard Winer,202
3.9,361715,Michelle Malkin,2269
3.94,45726,David Hume,50584
4.03,5504937,Peter Harold Nidditch,534
4.05,3160310,Lewis Amherst Selby-Bigge,509
4.32,435477,Shel Silverstein,2263221
3.82,62429,Barbara A. McGuire,55
3.35,326676,Frank Pacetta,60
3.84,174194,Marcia Evanick,2117
4.03,11604,Chris Tait,1090
3.92,2897630,Johann David Wyss,86784
3.92,244652,Neil Miller,475
4.11,13997,Theodore Ziolkowski,22189
3.89,168616,Monroe C. Beardsley,192
4.16,4402,Miguel Ruiz,161676
3.98,4739641,Luz Hernandez,1281
3.99,4406,Melcher Media,4435
4.25,3219551,Balvis Rubess,509
3.5,4407,Jane Seddon,64
3.49,4409,Marcy Michaels,180
3.49,4408,Marie Desalle,180
4.0,157867,J.T. Garrett,306
3.88,3164,Roger Priddy,12058
3.88,10059,Michael Bakewell,1217
3.86,81140,John Moffatt,1615
3.75,298172,Julia McKenzie,186
3.88,491949,George Baker,197
3.78,296752,Jonathan Sadowsky,9
4.31,5847865,Luo Guanzhong,7417
3.66,118241,Craig Brandon,232
4.22,118239,Ludwik Fleck,148
4.16,26005,Robert K. Merton,806
4.17,3852907,Thaddeus J. Trenn,123
4.17,798357,Frederick Bradley,123
3.99,4735497,Thomas S. Kuhn,18752
3.12,700214,William H. Payne,26
3.82,32676,Emile Durkheim,7997
3.82,95332,Lewis A. Coser,1777
2.75,622475,John Portz,4
3.25,525744,Lana Stein,8
3.91,46110,Randall Jarrell,7864
3.85,3921999,Stephen H. Lacey,20
3.92,336478,Sheila Jeffreys,790
3.91,35444,Graham Robb,7266
3.7,81476,Pierre Boileau,559
3.7,2988492,Thomas Narcejac,520
3.72,81479,Boileau-Narcejac,1597
4.06,84352,Janet Hutchings,250
4.0,287741,Hamad Bin Isa Al Khalifah,2
3.94,18351,Douglas E. Winter,22510
3.68,621283,Jamie Craig,7222
4.27,840688,Fred Kassak,48
3.64,4570704,Luis Adrian Betancourt,11
3.4,183513,A.C. Baantjer,4093
3.52,3329184,Bertil Falk,50
3.9,99606,Rubem Fonseca,6918
3.74,609526,Paul Halter,571
4.11,6441623,Daliso Chaponda,1450
3.21,369537,Gunter Gerlach,62
3.5,184682,Isaac Aisemberg,14
3.82,1070575,Richard Macker,22
3.47,4874063,Mischa Bach,17
3.64,7352246,Beatrix Kramlovsky,11
2.99,1412106,Rene Appel,1338
3.89,5622845,Kotaro Isaka,2449
4.07,325732,Georgi Gospodinov,9202
3.55,118199,Jutta Motz,22
3.6,671485,Dominique Manotti,475
3.83,1310598,Frauke Schuster,36
3.67,5553812,Rintaro Norizuki,67
3.98,34589,Boris Akunin,56785
3.73,220208,Ingrid Noll,3255
3.5,5581439,Yuri Mitsuhara,10
3.06,2759401,Theo Capel,16
3.23,518755,Kjersti Scheen,198
3.79,30006,Marco Denevi,3198
3.5,3297872,Carmen Iarrera,26
3.78,28978,David Leavitt,18028
4.03,27788,Tracie Peterson,110048
4.01,5512544,Sanja Rescek,1245
3.63,8051,Chinua Achebe,239171
4.13,1069006,C.S. Lewis,4509443
3.96,9760,Colin Thompson,4398
4.2,354030,Scott F. Gilbert,345
3.79,3314196,Anna L. Tyler,39
3.88,116596,Emily Zackin,42
3.74,32276,Charles Sheffield,10853
3.72,7780181,John Gregory Betancourt,17918
3.61,30036,Justine Musk,4116
3.92,98475,Grace Schulman,125
3.55,233610,Alison G. Taylor,296
3.62,708583,Sue Kovach,34
4.29,67759,Rosanne Bittner,8500
4.21,5024771,F. Rosanne Bittner,805
4.28,115204,Irina Ratushinskaya,379
4.3,2905379,Irina Ratushinskaia,364
3.68,11783,Richard Powers,25532
4.02,155955,William Marvel,1891
3.23,379738,Eric Zencey,204
4.22,22348,Virginia Lanier,3539
3.99,172810,Jack W. Cottrell,180
4.1,160026,Jacques Roubaud,1277
3.97,558966,Dominic Di Bernardi,351
3.64,27862,Karyn Bosnak,5115
3.7,5591985,Pedro Rodriguez,394
3.72,31121,Nic Fields,512
3.71,2970686,Donato Spedaliere,137
3.73,53984,Brent Hartinger,26711
3.91,30819,Heather Graham,213427
4.18,2960,Wayne W. Dyer,117961
4.17,20852,William W. Johnstone,49868
3.95,2693,Richard Carlson,79333
4.18,3500,Anna Quindlen,2392639
3.76,469586,Ernie J. Zelinski,1890
3.94,57893,Rick Foster,372
3.94,57892,Greg Hicks,348
3.38,57891,Steve Doocy,299
3.77,3866184,Maxwell Richard Bennett,227
3.96,6952980,Daniel C. Dennett,66298
3.81,29174,John Rogers Searle,4114
4.08,6508721,P.M.S. Hacker,752
3.81,107891,Tobias S. Buckell,27998
4.25,3873,Mikhail Bulgakov,229901
3.72,2578,Jonathan Franzen,331121
4.11,6125,Fannie Flagg,356934
3.7,10890,Ruth Rendell,133668
3.58,75334,Kate Cann,9484
3.95,105650,Darius James,356
4.19,8476,CLAMP,401389
3.89,73528,Noah Levine,5626
3.9,68607,David Gates,6895
4.12,40641,Michael Slater,31205
3.84,202269,Linnea Sinclair,19240
3.73,444180,John D. Gresham,3603
3.98,20561,F. Paul Wilson,121614
4.13,157340,J.D. Douglas,252
4.03,6941,Peter Straub,336123
3.95,7391865,Gerard Coisne,2871
4.0,352551,Joan Nestle,3422
3.88,18082,John Preston,1109
3.67,2865413,Kerwin Kay,12
4.14,66546,Jill Nagle,480
3.67,969467,Baruch Gould,12
3.7,170370,Jose Pablo Feinmann,704
3.91,12534,Larry Niven,393696
4.07,58,Frank Herbert,950425
4.68,421414,John G. Hubbell,28
3.82,177448,Andrew Jones,1333
3.83,1947737,Guy A. Zona,69
3.94,41590,Poe Ballantine,2062
3.99,1305302,R.K. Narayan,57845
3.35,16271,Julia Darling,375
3.89,762807,Michael Blumlein,3507
3.88,73418,James Patrick Kelly,22338
4.09,4220886,Timothy Ferris,7093
3.91,57657,Jesse Cohen,2411
3.96,31624,Edward O. Wilson,54616
3.86,28073,Burkhard Bilger,570
3.79,12052,Gardner Dozois,61869
3.83,110206,Maureen F. McHugh,13691
3.78,20433,Paul McAuley,26705
3.8,331704,Andy Duncan,15968
3.78,73419,Allen Steele,19221
4.19,645128,Brenda W. Clough,6989
3.84,113942,Howard Waldrop,24298
3.96,176807,Leigh Kennedy,800
3.78,541994,Chris Beckett,9944
3.75,207286,Ian R. MacLeod,10338
3.72,108281,Ken MacLeod,26893
3.88,90090,Jim Grimsley,8345
3.69,111819,Michael Cassutt,5919
3.9,142010,William Sanders,4421
3.78,536013,Carolyn Ives Gilman,4808
3.8,21158,Nancy Kress,70447
3.76,162927,Paul Di Filippo,21864
3.6,167202,Simon Ings,2759
4.02,14805,Xenophon,11144
3.79,4717091,Edgar C. Marchant,14
3.74,7445995,G.W. Bowersock,262
4.0,248992,Kenneth Sydney Davis,129
3.85,80974,Marie-Louise Gay,5171
3.7,447286,Elizabeth R. Wollheim,382
3.81,32252,Lynn Abbey,35153
3.83,38605,Christopher Stasheff,34661
3.92,8659,Jennifer Roberson,75785
3.99,8661,Melanie Rawn,80200
3.85,34861,Mickey Zucker Reichert,30306
3.89,48386,Deborah J. Ross,8784
3.91,8690,Larry Dixon,73411
3.86,1967,Tanya Huff,149290
3.73,154081,Irene Radford,5797
3.67,128411,Marjorie B. Kellogg,2756
3.76,283894,Jane S. Fancher,1001
3.99,6256,Michelle Sagara West,41689
3.8,69803,Fiona Patton,18350
4.04,58856,Michael   Shea,14430
3.64,85546,Sheila E. Gilbert,399
3.57,154974,Syed Vickar Ahamed,37
3.57,13081,Hanif Kureishi,25364
4.04,155517,Italo Calvino,202063
4.12,2430,Jennifer Davis,113
4.1,380059,Laura Cornell,12104
4.21,38124,Richard Hugo,3178
4.04,48348,William King,24830
3.98,12793,Charles Darwin,105609
4.27,296781,Janet Podleski,1037
4.27,619867,Greta Podleski,1048
4.2,250085,Tim Martin,318
4.06,50914,Donald Brownlee,904
4.04,50913,William Sarabande,6365
3.92,154280,Marley Brant,122
3.39,29593,Megan Abbott,86537
3.87,249209,Joanne Shattock,15
3.53,1838,Geoffrey Chaucer,190274
3.89,18419,Jill Mann,811
3.85,51490,Harold Schechter,20514
3.83,2546,Chuck Palahniuk,1233893
3.98,4371,Jim Hogshire,325
4.15,3162,Doreen Cronin,160801
4.16,72818,Betsy Lewin,116599
3.81,2791,Peter Kent,449
4.16,99359,Lori Longbotham,426
4.1,3852865,Alison Miksch,703
4.18,10894,Simon Singh,55710
3.51,1852,Monique Truong,5810
4.35,362098,William Flanagan,290533
4.32,237097,Eugene Bradley Coco,50716
4.35,636767,Ron Dias,117219
3.45,26771,John Norman,20981
3.5,294913,bhmn frznh,4111
4.19,7963,P.G. Wodehouse,281968
3.58,334593,Frances Diane Robotti,36
4.35,7751697,James  Vescovi,20
3.79,2878860,J.J. Abrams,24991
3.88,12275,Mel Odom,28616
3.99,8716,Susan Mallery,390044
4.12,312939,Geoffrey Rowell,51
3.89,692509,Kenneth Stevenson,64
4.11,67472,Rowan Williams,3768
4.31,8919,Michael Youssef,652
3.51,17655,Peter Sheridan,854
3.76,61225,Sophy Burnham,1222
3.84,216581,Patricia Raybon,498
3.88,4778,John dos Passos,18485
3.88,7103735,Jose Robles Piquer,16
4.03,41313,Susan Elizabeth Phillips,418747
3.96,52310,Joanna Russ,24158
4.06,9860453,James Tiptree Jr.,14780
3.92,465806,M. Nelson Chunder,26
3.78,2953010,Randall de Seve,1516
3.98,329975,Loren Long,18025
4.0,166264,Richard F. Whalen,33
4.03,2348561,S. Schuster,30
3.68,98267,Paul H. Nitze,71
4.11,78702,Clint Hatchett,72
4.12,160711,Stephen Marchesi,5370
3.57,75512,Cintra Wilson,1761
4.18,58386,Al Burian,1058
3.84,49103,Jeanne Kalogridis,35375
3.13,133319,Hope Donahue,443
3.57,233143,Michael Seth Starr,390
3.95,89815,Gilbert Sorrentino,18303
3.98,8215,Maxine Paetro,521431
4.01,603871,wyd slmyh,4922
4.11,7169526,jy.khy. rwlyng,1469
4.12,156014,Barbara Keating,2800
4.11,324706,Stephanie Keating,2718
4.2,162890,Karen H. Jobes,342
4.11,15203,David Weston Baker,995
3.99,95907,Bill T. Arnold,1487
4.02,8621,Brett Booth,63948
3.97,8622,Katherine Dunn,49435
3.59,885302,Marcus Alexander Hart,487
3.67,22602,Jacqueline Wilson,242911
3.68,169429,Peter G. Tsouras,1307
4.03,108368,Bill Holm,1006
3.97,529502,Brigitte Walitzek,51898
4.16,185962,Robert Goldblatt,45
4.0,412171,Elisabeth Piirainen,1
3.86,54819,April Pulley Sayre,5392
3.94,1713675,Trip Park,3103
4.13,103394,Gilbert Highet,712
3.91,6819578,Augustine of Hippo,49647
3.88,151299,Joseph C. Phillips,51
3.77,464,Tavis Smiley,23866
3.76,947614,Joseph  O'Connor,2344
3.68,628865,Glen Campbell,101
3.71,389498,Kathryn Fox,7548
3.81,55217,Shani Mootoo,2777
4.03,8240,Carl Phillips,1960
3.71,69808,Rachel Hadas,214
3.05,115348,Afi-Odelia Scruggs,41
3.9,53305,Chris Pierson,3203
4.02,1113469,Hermann Hesse,693241
3.61,102160,Will Hutton,493
4.3,33274,Mo Willems,404404
3.57,179372,Kevin Sampson,1502
3.9,35601,Scott Simon,4782
3.89,260248,Deanna Swaney,122
4.04,48197,Todd Lammle,1428
3.81,26019,Todd McFarlane,16534
3.6,166637,Tom Orzechowski,3349
4.49,61964,Steve Oliff,29594
3.61,352642,Ann Heron,94
3.83,3299,Salman Rushdie,272893
4.08,137554,Roland Smith,76832
4.12,25523,Pauline Baynes,994842
3.73,113907,Margaret Fuller,854
3.72,139272,Jeffrey Steele,57
4.04,707250,Kei Miller,1157
3.8,20468,Jim  Murphy,13334
3.95,3055,D. James Kennedy,1228
3.88,3049,John Kennedy Toole,193610
3.66,3851749,Nancy Britt,32
4.03,3052,Jerry Newcombe,1036
3.98,3051,Robert Dallek,11662
3.94,32402,James Welch,9094
4.29,225844,Ripley Hugo,135
4.42,3977400,Lois Welch,62
4.19,1000,William Matthews,959
4.16,18967,Joan Holub,50675
3.83,74600,Norberto Bobbio,993
3.71,24243,Allan Cameron,444
3.88,31349,Marc McCutcheon,856
3.7,63348,John Brockman,15832
3.35,40281,India Knight,3846
3.42,537433,Kees van Kooten,2530
4.05,2893961,Emmuska Orczy,115924
3.86,24481,Harry Hamernik,95
4.02,15438,Chris Hedges,18976
4.4,4634794,Eunice Wong,77
3.78,257861,Sally Arteseros,45
3.9,434547,Jonathan Galassi,1679
3.6,443701,Dylan Baker,2889
3.92,167606,Brian Hodge,19108
3.9,73421,John Kessel,10618
4.18,33958,Eric S. Nylund,47505
4.41,33957,Pat Summitt,3720
3.78,1543,Sally Jenkins,44948
4.11,13623,Michael Ruhlman,34196
4.45,33955,Bonnie Gibson,22
4.43,3874821,Everett Gibson,21
3.89,33952,Rachel Gibson,200915
4.28,6039100,Robert Munsch,248283
4.17,92963,Michael Martchenko,72468
3.85,177010,Fiona Bowie,168
3.66,76329,Selma Eichler,2464
3.8,157619,Mark Tully,2900
4.4,5805341,Kimmo Lemetti,58
3.89,292641,George Theiner,595
3.41,275051,Hava Tirosh-Samuelson,17
4.1,212844,Mary Evelyn Tucker,705
3.81,58748,Lawrence E. Sullivan,77
3.49,209478,Frederic Beigbeder,33621
4.51,125474,Darlene Deibler Rose,3678
4.03,9322,Edward Albee,75498
2.69,466236,m. mwdbpwr,3989
3.79,1197,Harold Pinter,31764
3.0,280196,Claudette Virmonne,3
3.68,50948,Mickey Spillane,16936
4.32,283201,Jonas Clark,271
3.6,177245,Charles A. Miller,5
4.08,10652,Marguerite Henry,120758
4.0,608211,Robin A.H. Waterfield,535469
3.8,554728,Paul Anthony Cartledge,4493
3.97,389991,S.D. Schindler,22115
3.81,262123,Jon Talton,2007
3.8,17421,Abigail Thomas,11536
3.61,147128,Spencer Klaw,101
4.3,112252,Paul Beyerl,340
3.9,19126,Eve Bunting,40846
4.41,3874318,Dick Kelsey,97
4.28,3604,Jane Werner Watson,32158
4.34,2883453,Bill Justice,244
4.14,3105,Rosemary Wells,1125753
4.08,26839,Jim Benton,75753
3.92,6986,Kate McMullan,22780
3.79,3347045,David McPhail,10291
4.14,257578,Joan Palmer,120
3.05,194824,Benjamin Nugent,2669
3.73,61916,Steven Grant,5063
3.65,36113,John Beatty,3166
3.91,61914,Mike Zeck,20971
4.07,5639872,Kenneth Lantz,362
4.26,144000,Lynn Johnston,7713
3.92,309670,Maurice Lever,158
3.89,10521,John Lescroart,81297
3.93,1241,Judy Sierra,10599
3.75,154722,Michael Bryant,455
3.68,5157650,Sean Joseph O'Reilly,536
3.69,61200,Larry Habegger,1275
3.68,255612,James O'Reilly,1432
3.76,5819228,Jacqueline Yau,127
3.29,339528,Kate Heyhoe,94
3.8,288012,Michael T. Ghiselin,182
3.85,42267,Stephen Orgel,22373
3.83,487578,A.R. Braunmuller,14801
3.98,18266,Russ McDonald,2012
4.0,8918,Tessa Bridal,282
4.17,63,Bryce Courtenay,122519
3.96,159563,Anita Lobel,7883
3.9,13229,Julia Cameron,90442
4.24,3465,Julia Child,140249
4.34,74555,Simone Beck,42799
4.33,74554,Louisette Bertholle,36449
3.83,17450,Karen Harper,38619
4.0,24376,Betty Neels,29418
4.15,18821,Bill Peet,19266
3.72,26819,Lois Duncan,66038
3.64,37532,Peter Brimacombe,89
3.29,3989306,Shirley Grimwood,7
3.74,30014,Patricia Windsor,1870
4.14,16950281,Steve                   Johnson,16741
4.13,312388,Lou Fancher,11898
3.8,159585,Gertrude Jekyll,210
3.94,4158687,Charlotte Weiss,33
4.05,103716,Richard Bisgrove,73
4.11,7576,Bebe Moore Campbell,16262
3.83,14053,Simon Winchester,126610
3.98,124569,Richard Kearney,1121
4.08,46668,Randolph M. Nesse,2437
4.1,46667,George C. Williams,3242
4.05,30617,Deborah E. Lipstadt,1966
3.94,56067,Ann Cleeves,77963
3.71,187736,Roger Manvell,1033
3.72,330134,Heinrich Fraenkel,932
3.84,187205,Thomas E. Crow,249
3.68,138742,Sonya Hartnett,12237
4.19,325890,Richard Roud,91
3.76,4353120,Silvia Pareschi,3253
3.72,12492,Barbara Rosenblat,12970
4.04,184351,Evan Imber-Black,55
3.92,306005,Janine Roberts,73
3.81,49377,Julia London,58175
3.92,83837,Catherine Cookson,41142
3.83,3094067,bhrm byDyy,10547
3.95,40572,Jane Kirkpatrick,16826
3.82,530858,Michael Francis,85
3.86,24416,Robert L. Short,706
3.85,3936,Stuart Woods,289899
3.99,13768667,Geshe Kelsang Gyatso,6655
4.26,14525,Ram Dass,26571
4.25,1372787,Richard Alpert,24019
4.16,286021,Sandy Boucher,793
4.0,44477,Sarah Jane Sloane,13
4.18,7285,Ken Kesey,544345
3.94,10039,John Fowles,129036
3.55,8190675,John  Gardner,17204
4.15,42912,Hart Crane,3859
4.05,42907,Jacques Lacan,6416
4.11,42908,Jacques-Alain Miller,1604
3.98,92594,John Forrester,455
4.21,995477,Sylvana Tomaselli,480
4.17,5642562,Jacques Alain-Miller,285
4.01,42914,Paul L. Mariani,472
4.06,51141,Allen Tate,443
4.12,5779446,John  Logan,286
4.12,236,Harold Bloom,105192
4.17,1415243,Waldo Frank,766
4.16,111344,Thomas A. Vogler,714
4.05,232932,Nikolai Gogol,155005
4.11,44876,Mirra Ginsburg,29136
4.28,65528,Robert W. Service,3120
3.84,20613,Scott David Aniolowski,661
3.68,18839,Chaosium Inc.,222
3.98,10088,Richard A. Lupoff,16766
3.92,9493,Robert M. Price,6828
3.71,1735844,Peter Cannon,1826
3.51,3865150,Diane Sammarco,78
3.75,6906422,J. Todd Kingrea,156
3.81,78344,Ruth Ashby,879
3.86,350754,J.H.P. Pafford,107
4.05,14056270,E.A.J. Honigmann,1368
4.09,62288,Arturo Barea,659
4.0,62292,Ilsa Barea,280
4.2,837045,Nigel Townson,126
3.64,12180,Francine Prose,53724
4.14,28188,Peter Pereira,76
4.03,58491,Art Ginsburg,252
4.13,303467,Meomi,1101
4.05,270939,Koge-Donbo*,17789
3.74,1227192,Haruka Aoi,201
3.75,231741,Robert G. Poirier,12
3.73,5724845,B.H. Snow,85
4.2,14919141,John R.W. Stott,22860
4.01,13681,Peter David,226362
3.96,1771,Sun Tzu,218079
4.02,80083,Curzio Malaparte,2675
3.96,218994,David Moore,885
3.69,651160,Thomas Floyd,1123
3.73,3866857,Phillip R. Burger,2669
3.83,2485427,John Bolen,14054
3.89,5680756,Hallie Iglehart Auste,28
3.74,106970,David Beckham,2483
4.14,3521078,Michael R. Phillips,36199
4.06,31464,Judith Pella,24945
4.19,49276,Susan Wise Bauer,20714
4.28,55517,Jessie Wise,6916
4.21,3314070,Sharon Wilson,287
4.28,3889437,Patty Ann Martirosian,158
4.28,3889438,Sheila Graves,158
3.92,178169,Joao Ubaldo Ribeiro,3344
3.98,135107,James Traub,485
3.93,48435,Gordon Thomas,4671
4.03,166494,Max Morgan-Witts,1486
3.87,67385,Junko Morimoto,518
3.97,1385405,Anne Bower Ingram,75
3.92,2843525,Isao Morimoto,109
4.1,67388,Forrest Carter,13713
4.01,54235,Raymond Williams,3346
3.92,1412711,Dai Smith,215
3.48,4013489,Dom Saliani,79
3.37,361736,Tim Scott,638
3.69,437460,Chris Ferguson,461
4.12,387672,Masashi Tanaka,1402
3.79,173246,Ellen Hart,6601
3.66,199207,Karen Scalf Linamen,552
3.85,34729,Sinclair Browning,493
4.05,7109,Douglas Brinkley,14891
4.06,34636,Lisbeth Zwerger,87552
3.95,7039,Robert Whitfield,1590
4.09,42420,Leslie T. Lyall,34
4.04,5442,Theresa Cheung,2142
3.92,85416,Joy Hakim,4561
3.73,649662,Gwen Y. Fortune,15
3.78,491115,Lynn Friedman,23
3.68,13078,Kingsley Amis,36055
3.67,3978495,Judith P. Robertson,3
4.07,5058690,Shi Nai'an,2070
3.83,61907,Marvel Comics,7873
3.72,12459,Stephen W. Frey,14851
3.63,303232,Paul Glen,210
3.7,13286,Brian Freemantle,2244
3.85,217865,John Gielgud,785
3.93,217894,Ralph Richardson,233
4.51,436443,Klaus Fritz,25607
4.13,469737,James W. Rodgers,67
4.16,55524,Frank Capra,442
4.03,34684,Carole Radziwill,13504
3.95,8161,Julius Lester,14286
4.14,3399489,Phyllis Fogelman,93
4.13,70868,Jerry Pinkney,85394
3.5,957466,Tim Penyusun SPMN FSLDK Nasional(UI dan ITB),14
4.12,223869,Elaine Hedges,47071
3.92,2815219,Charles Squire,880
3.84,253322,Jenny Uglow,3267
3.77,8884,Corinne Atlan,2511
4.26,106464,Matsuri Akino,19436
4.05,189947,Jean Liedloff,2015
3.45,451817,David Ely,258
4.19,208933,Sidney H. Avner,110
3.78,140778,R. Chetwynd-Hayes,3423
3.91,941329,A.M. Burrage,6268
3.57,99961,rD myrkhny,10579
3.52,6447881,Patricia  Hall,93
4.33,460508,Kim Gruelle,3
4.33,3921107,Joni Keating Gruelle,3
4.4,282684,Suhaib Hasan,15
3.93,55213,Boris Starling,2943
3.99,88167,Deborah Chandra,517
3.9,105442,Ralph Cosham,7014
3.75,5063,Michael Dahl,7645
4.11,146,Quentin Blake,2284220
3.65,167052,Marie Carducci Bolchazy,23
3.75,4003898,Andrew J. Adams,4
3.82,7927,Norman Mailer,63155
3.81,163203,Tiina Nunnally,74000
3.49,6456980,Keith P. Phillips,41
3.44,6456981,Pete Knifton,107
4.07,11210,Les Edwards,18250
4.06,168813,Percy FitzPatrick,832
3.85,13806,Mark LeVine,2019
4.1,2121,Michael Pollan,345687
3.52,13807,Stephen M. Pollan,805
3.95,10087,Bruce Coville,101085
4.17,213284,Hugh Wheeler,13162
4.07,37269,Roberto Benigni,661
3.64,37271,Vincenzo Cerami,850
4.26,46810,Murray N. Rothbard,11604
3.77,4762904,John     Leland,13
3.33,663155,Duncan J. Burden,9
4.26,5951,Jeff Smith,206926
3.74,2169376,Lakambini A. Sitoy,136
3.09,4843288,Mary E. Bradley Lane,54
3.47,5789119,Joan Saberhagen,81
4.08,16070,Alexander Pushkin,103491
3.95,272922,Joyce Lavene,11932
3.95,3525857,Jim Lavene,11005
4.08,70978,Jim Kjelgaard,25326
3.94,43774,Joan Dye Gussow,1280
3.6,98411,Rebecca Moesta,36213
4.17,246772,John Horn,63
3.67,178999,Vance H. Trimble,81
4.29,304737,Philip Schaff,1441
3.94,84922,Helen Bannerman,4713
4.17,951363,Raymond M. Smullyan,3270
3.78,163926,Wendy  Wax,26893
4.08,19739,Lester del Rey,23303
3.53,434873,Hal Frenck,256
4.05,143810,Ronald E. Walpole,1032
3.95,143807,Raymond H. Myers,296
3.95,143808,Sharon L. Myers,296
3.96,143809,Keying Ye,233
4.06,149151,Francis of Assisi,1628
3.67,2981647,St. Clare of Assisi,3
4.21,209164,Regis J. Armstrong,209
4.07,209163,Ignatius C. Brady,119
3.75,505540,Mecca Reitman Carpenter,8
3.77,3489,Rebecca Wells,523787
3.69,4486,Robert A. Dahl,1636
3.92,18810,John Ostrander,33455
3.66,100105,Jonathan Gregson,227
3.26,160776,Ty Wenzel,96
3.83,127170,Margaret Buffie,1895
4.18,16522,John Burgoyne,27295
3.71,106465,Ken Englade,2084
3.55,1340291,brhym `ys~,10603
3.97,13597,Marissa Moss,19431
3.59,200588,Stephen Gullo,96
4.07,4138214,Ely Liebow,14
3.9,17275,Svend Otto S.,311
3.45,187414,Edith Templeton,450
3.91,3019,Suketu Mehta,8597
4.27,3015,Anthony Loyd,1525
3.72,3017,Anthony Shadid,2650
3.65,2763,Erik J. Wielenberg,78
4.27,3493408,Leah Bendavid-Val,3682
4.19,698,National Geographic Society,14408
4.03,2764,Richard Holloway,1178
3.9,166694,Gregory Curtis,394
3.88,431771,Fisher Stevens,842
3.94,35022,Marjorie M. Liu,123041
3.93,175197,Rett MacPherson,3818
3.66,518752,Eric B. Schultz,179
4.03,518751,Michael J. Tougias,2234
0.0,518754,Carol Treadwell,0
3.81,200478,David Foster,360
4.11,2877684,Gerda Foster,18
4.21,181832,Kurt Muse,190
4.02,181831,John Gilstrap,22429
4.46,5688112,Daniel Schwabauer,280
3.44,298097,Gary W. Barfknecht,27
4.11,166943,Wayne Barlowe,2720
4.18,970345,Mark McGrain,33
3.81,978,Wole Soyinka,7423
4.16,123594,Gwendolyn D. Pough,86
4.39,2593973,Elaine Richardson,97
4.3,3933026,Aisha Durham,43
4.3,15250833,Darlene Anita Scott,43
4.3,15250834,Beatrice Koehler-Derrick,43
4.3,15250835,Darrell Gane-McCalla,43
4.13,4329070,Aya de Leon,400
4.3,15250836,Alesha Dominek Washington,43
4.3,15250837,Maya Freelon,43
4.28,7785928,Heather Duerre Humann,64
4.3,15250838,Veronica Bohanan,43
4.3,15250839,Rachel Raimist,43
4.3,15250840,Fatimah N. Muhammad,43
3.75,539252,Eisa Nefertari Ulen,63
4.24,5862894,Andreana Clay,59
4.3,15250841,Ayanah Moor,43
4.3,15250842,Chyann L. Oliver,43
4.3,15250843,Joycelyn A. Wilson,43
4.3,15250844,Elan Ferguson,43
4.33,2138828,Michael Jeffries,67
4.28,14138817,Tracey Rose,47
4.24,13436234,Kaila Adia Story,45
4.16,3225632,Shawan M. Worsley,45
4.1,20063,Mark Anthony Neal,506
4.33,2918994,Queen Sheba,45
4.24,13436913,Brittney Cooper,62
4.3,15250845,Tia Smith Cooper,43
4.3,15250846,Tina Fakrid-Deen,43
3.99,2772732,Tara Betts,1263
4.3,15250847,Levita D. Mondie-Sapp,43
4.3,15250848,Kimala Price,43
4.3,15250849,Jasmine Hillyer,43
4.31,1029713,Favianna Rodriguez,48
3.99,2850062,Joan Morgan,1379
4.3,13128554,elan,44
4.3,15250850,Stephanie L. Batiste,43
4.35,7914515,Jocelyn James,48
4.3,15250851,Legacy Eyes-of-the-Moon Russell,43
4.3,15250852,Makiba J. Foster,43
4.3,15250853,Askhari,43
4.18,8137432,Jade Foster,49
3.76,194618,Sujatha Fernandes,110
4.29,4583371,Eric Darnell Pritchard,45
4.3,15250854,Maria L. Bibbs,43
3.71,5693875,John Rodriguez,94
4.3,15250855,Shaden Tavakoli,43
3.84,21333,Brian D. McLaren,25610
4.0,82932,Paul Negri,2445
4.07,24953,Leonid Andreyev,6306
4.07,6890538,Nicholay Leskov,137
3.98,4175285,Vsevolod Garshin,861
4.07,6890537,Theodor Sologub,137
3.45,435975,Paul Hyland,84
3.94,65471,Robert Lynn Asprin,162112
3.92,397,Robert B. Parker,314998
4.07,81658,Alessandro Scafi,15
4.37,345045,Chris Marker,457
3.52,6453534,Adriana  Hunter,13916
3.77,319857,Shaun Whiteside,53769
3.96,72499,Joseph Mileck,588
4.01,9947,Anthony Powell,16369
3.9,121585,Katherine Hannigan,25996
3.25,288297,Mel Cebulash,114
4.03,9678,Ann Rule,169365
3.65,443779,Violet H. Harada,84
3.9,83987,mHmdj`fr mSf,509
4.18,19990,Ron Padgett,2456
4.23,80970,Clark Coolidge,1038
3.52,62572,Pascal Covici,735
4.33,3582,Carl Barks,7334
4.04,6810,Wilson Rawls,294622
4.0,953633,Gordon Warme,7
2.5,328482,Kimberley Converse,2
4.34,127503,ReShonda Tate Billingsley,14539
3.59,182340,Frank Ackerman,112
3.43,182339,Lisa Heinzerling,74
4.02,18223,Kathleen Kennedy,255
3.79,1858,Kim Stanley Robinson,168711
3.98,298319,Pat Parelli,304
4.51,146727,John Baillie,353
4.13,42016,Lauren Child,45190
4.06,343447,Patrick J. White,34
4.22,82526,Paul Starr,15718
3.5,1809815,Paul  Starr,10
4.17,277667,Beverly Swerdlow Brown,6
3.84,953407,Enrique Lopez Castellon,308
3.9,60047,Neil Simon,32107
3.85,17063,Susan Krinard,43880
3.5,984,Sophie Mills,18
3.84,986,William Allan,124
3.91,973,Euripides,110684
3.79,259975,Robert Bagg,305
3.9,153646,David Chidester,374
3.81,12677,Minfong Ho,4192
3.87,340491,Holly Meade,3385
3.9,12676,Heather O'Neill,22765
3.7,424652,Betty White,27816
3.88,57827,Charles W. Chesnutt,6271
3.9,2387,Jayne Ann Krentz,440327
3.59,108815,Ivor G. Chestnutt,27
3.78,14815,John Gibson,109
3.54,51027,Whitney Otto,6506
4.07,224553,Hajime Kanzaka,2535
4.19,423611,Rui Araizumi,1736
3.71,1052793,G.J. Ashworth,7
2.75,902998,J.E. Tunbridge,4
4.5,20132,Mark Lewisohn,5105
4.24,39867,Alastair Smith,3751
4.07,6056,Judy Tatchell,335
3.86,235016,Harriet Rohmer,433
4.27,93710,Galen A. Rowell,1555
3.88,251454,Jennifer Barry,34
4.1,107532,Thomas Hager,5745
3.95,765,Wallace Edwards,835
4.12,80115,Duncan Williamson,214
3.83,603378,bbkh Hmdy,1979
4.11,387560,Matthew Minter,9
3.66,256392,Katharina M. Wilson,163
3.51,66222,Christopher C. Wilson,89
3.76,26495,Ari Goldman,476
4.24,160195,Brittney Ryan,1885
3.9,169131,Robyn Bryant,184
3.99,98618,Karen M. Burke,135
3.94,98619,Priscilla LeMone,317
4.02,15925,Ian Monk,6664
4.64,4528893,H.-A.. Zo,42
3.91,52676,Harry Mathews,4537
3.85,56607,Dayton Ward,10541
3.86,56606,Kevin Dilmore,6005
4.5,426977,Sigrid Hauser,60
4.3,130983,Peter Zumthor,2552
4.43,386913,Helene Binet,134
3.71,79914,Jay Ingram,1153
3.71,6105,Joan Mellen,400
4.05,41732,Linda Schele,663
4.01,44972,Mary Ellen Miller,528
3.83,16442,John Michael Curlovich,114
3.71,683015,Barbara Cardy,293
4.08,286245,William F. Powell,663
3.66,8203,James Redfield,104066
3.82,8204,Carol Adrienne,1728
3.68,34196,Josh Greenfeld,153
3.63,38423,Eileen Goudge,19781
3.91,28911,David Bornstein,2169
3.7,4659176,John Brown,460
3.93,58984,Timothy Truman,11216
4.17,72596,Jaime Gil de Biedma,494
4.1,139585,Michael Guillen,1415
3.93,72464,Richard A. Lanham,618
4.0,131683,Edward Eager,51390
3.99,385574,N.M. Bodecker,47396
3.81,410426,Claude Clement,241
3.8,182735,Deborah Kovacs,240
3.74,346151,Marcelle Geneste,118
5.0,106867,Herbert G. Klein,1
4.04,107737,Hugh Sidey,195
4.08,3783,David Fromkin,6457
4.0,13084,Roland Barthes,64524
4.24,27112,Richard Howard,886486
4.08,341257,Annette Lavers,11773
4.07,74721,Stephen Heath,2908
3.77,5021508,Sapphire,45061
3.63,7569,Susan Cheever,4577
3.81,587990,Evan B. Howard,85
4.44,93071,Shuichi Shigeno,3328
3.81,4106,Pamela Dean,11478
3.92,46137,Terri Windling,56060
3.87,28718,Budge Wilson,12859
4.15,62365,William Finn,303
4.22,170442,James Lapine,13390
3.93,27311,Frank Rich,2609
3.75,262916,Anna Seghers,2550
3.42,172041,Dorothy Marcic,76
3.95,38811,Elvira Lindo,11151
3.67,32566,Aharon Appelfeld,3322
3.71,34540,Aloma Halter,457
4.03,233274,James Richardson,272
3.94,32549,W.P. Kinsella,16902
4.11,225655,Agnes Smedley,316
3.94,3885175,Jan MacKinnon,18
4.2,1248515,Steve Mackinnon,25
4.26,146482,Florence Howe,278
3.92,29436,Robert Conquest,2262
4.5,4263,Hayao Miyazaki,42120
3.59,71788,Ilene Hochberg,1090
4.24,205721,Brian F. Atwater,29
4.24,3982109,Musumi-Rokkaku Satoko,29
4.24,3982110,Satake Kenji,29
3.3,205720,Christopher Corbett,405
3.49,47134,Francoise Barret-Ducrocq,72
4.14,34748,John Howe,35869
4.57,254354,Paul Dettloff,14
3.95,30055,Ezra Pound,20600
4.12,448068,Lea Baechler,764
4.17,40773,A. Walton Litz,7320
3.8,452349,Shelagh McNicholas,10679
4.07,6519,Erich Kastner,30392
3.99,81584,Carol Crane,477
4.02,79442,Michael Monroe,96
3.72,224341,Julie M. Fenster,651
3.59,65978,Marilyn Levy,117
3.69,1851539,T.S. Dorsch,1599
3.64,18525,Gail Godwin,15559
3.67,85767,Dave Sargent,293
3.62,85766,Pat Sargent,212
4.08,1899,Howard Zinn,169074
4.08,49000,Jean Shinoda Bolen,6374
3.69,85481,Carol Carrick,767
4.16,9885,Judith McNaught,251253
3.56,1171517,Susan Tang,4323
3.82,71185,Jill Barnett,18403
3.87,211728,Arnette Lamb,6645
3.38,235726,Jonathan Margolis,413
3.75,110829,Michael W. Cuneo,774
3.86,39087,Miguel Angel Asturias,4259
3.88,4769122,U.S. Army Center of Military History,83
3.53,15298,Stella Cameron,9531
3.98,609301,Margot Apple,28452
3.96,62812,Allen Klein,493
4.15,34227,Beverly  Lewis,182748
4.2,689512,John D. Fitzgerald,35553
4.2,95882,Glenn H. Mullin,348
4.38,3972942,Valerie Shepherd,21
3.78,47783,Roxana Robinson,6122
3.78,3969921,Jennifer Mooney,311
4.33,354841,Anna Botsford Comstock,1085
4.05,69752,Kathrine Switzer,1437
3.63,105184,Brian Daley,13573
3.28,196416,Ashley Warlick,918
3.85,19051,Elizabeth Lowell,108399
3.88,199570,William McKee Evans,17
3.69,7305,Mary McCarthy,15246
4.2,253900,Stephen Farthing,1053
3.25,5566333,CPI,8
3.96,81499,Paul Huson,565
3.53,107509,shhryr mndnypwr,1193
3.0,249913,J. Michael Mahoney,7
3.88,93456,Susan Fromberg Schaeffer,3482
3.72,271230,Charles Smith,75
3.5,4818,Margaret Dumas,293
3.7,248735,A.G. Smith,366
3.9,13617,Ralph D. Sawyer,3820
4.04,155021,Thomas Cleary,10304
4.27,44839,Roger Tory Peterson,7652
4.05,53003,James Fisher,243
3.79,87,Gloria Goldreich,2440
3.88,645796,Lois Ellen Frank,89
4.5,379761,Peter O'Shaughnessy,2
3.35,488321,Carrie Kabak,357
4.32,6479,Rudolph R. Windsor,265
4.36,3854278,El Hagahn,293
4.0,431149,Truman Capote,633397
4.0,16547843,James C.    Simmons,22
3.91,6473,Marie Rudisill,147
4.01,64028,Sarah Weeks,51647
3.95,94329,Nadine Bernard Westcott,8669
3.7,233434,Louise Shaffer,4107
3.42,54356,Karl F. Lutzen,198
3.88,1746,Mark Stevens,5519
3.48,3908621,Elizabeth McHale,111
4.19,323586,Randy Mosher,2560
4.29,141955,Kallistos Ware,5183
4.11,731795,Kevin McKinley,9
3.76,265131,Seth Shulman,350
3.96,347120,Jose Hierro,135
3.47,13993398,Tatjana Wassiljewa,86
3.81,646269,Anna Trenter,131
3.4,34076,Peter Goldsworthy,2577
3.17,1679667,Michael Shinagel,512
3.57,5394375,Hilda Hughes,21
3.88,101264,Richard Middleton,5100
3.69,183525,Elizabeth Walter,147
4.01,443003,P.C. Wren,4646
3.69,1010170,Rosemary Timperley,2879
3.79,462629,A.E. Ellis,140
3.87,51606,L.P. Hartley,12009
4.09,7215088,Oliver Onions,2865
3.34,829014,Barbara Softly,32
3.0,4855331,John Hastings Turner,10
3.7,7086,Caroline Preston,22937
3.81,38600,Virginia Walton Pilegard,206
3.8,463711,Nicolas Debon,521
3.58,38235,Dan Fesperman,5191
3.8,38595,Ilario Pantano,96
3.72,38594,Malcolm McConnell,4537
3.95,38598,Elizabeth Vaughan,28893
3.89,38597,Simon Berthon,217
4.02,38596,Joanna Potts,145
3.76,34399,John Bridges,1949
3.8,34398,Bryan Curtis,1474
4.05,159859,Afya Ibomu,243
4.03,3954242,Shannon McCollum,122
4.06,3954243,Shannon Washington,124
3.93,322719,Cynthia Burkhead,83
4.01,42993,John Feinstein,43291
3.97,173459,Alan Cumming,29708
3.96,4278,Felicity Dahl,3146
3.95,621919,Jan Baldwin,3362
4.5,175360,Sandra L. Hindman,10
4.24,506873,Laurel Long,3675
3.7,55499,Florence Temko,144
3.6,3998348,Randall Gooch,5
4.01,328419,Diane Wolfe,78
3.02,328420,Robert L. Wolfe,46
3.33,232792,Pia Pera,531
4.09,183680,Ann Goldstein,199523
3.5,183759,Samuel B. Harding,76
4.43,215601,Christopher Cook,98
4.29,7084403,Phillip Horn,17
3.7,74472,Toni Turner,405
3.93,36809,Manuel Angel Conejero,126
3.87,36810,Jenaro Talens,191
4.03,124006,Dion Fortune,6036
3.81,112719,Isabel Abedi,11063
3.82,112717,Andrea Hebrock,17
3.69,18454,Whitley Strieber,32249
4.11,1782206,Krishna-Dwaipayana Vyasa,41997
3.89,31491,Wendy Doniger,6719
3.91,168819,Gale E. Christianson,315
3.95,192496,H.T. Willetts,66018
4.0,37492,Philip Kotler,13322
4.16,94041,Ned Roberto,31
3.84,94042,Nancy R. Lee,179
3.79,36269,Andrea Zimmerman,1956
3.82,36268,David Clemesha,1687
3.94,718773,Marc Rosenthal,5557
3.9,94038,James C. Makens,279
3.93,94037,John T. Bowen,279
3.81,46818,Gordon L. Eade,26
4.04,46773,Richard M. Ebeling,590
4.24,46766,Ludwig von Mises,9017
4.07,892338,Roger W. Garrison,537
4.1,46814,Gottfried Haberler,440
4.18,670307,Friedrich A. Hayek,21239
3.65,43740,Paula Fox,15772
4.12,26890,Wayne A. Meeks,929
4.26,26889,Harold W. Attridge,561
4.25,26888,Society Of Biblical Literature,586
4.17,8758,Kathryn Cristaldi,5487
3.88,97082,Shirley Ann Grau,6182
3.45,370222,Haroon Siddiqui,75
3.86,3105696,Time Out Guides,1656
3.6,347427,Alyssa Brugman,3986
3.59,347429,Diane Ryan,96
3.65,332815,Janine R. Wedel,138
3.86,96756,Mike Judge,301
3.85,858230,Chris Marcil,91
3.84,855526,Kris Brown,105
3.94,18843,Sam Johnson,385
3.91,1979088,Glenn Eichler,71946
3.84,1565,Katherine V. Forrest,9074
3.71,47471,Robin Nelson,641
4.16,3102710,Robert  Duncan,157
3.54,32510,Michael Coffey,241
3.86,18267,Marjorie Garber,3207
4.35,138593,Charlotte Delbo,1117
4.15,3089922,John Githens,27
3.91,305833,Joaneath Spicer,11
3.84,49932,Herbert Blumer,132
3.29,3904374,Thomas J. Morrione,7
4.11,2788881,Caroll Pickett,54
3.82,217050,Simon Frith,320
3.79,297211,Stewart Lees,19
3.8,13181,George Elliott Clarke,912
4.19,262997,Michele Adams,26
3.91,262996,Gia Russo,168
4.01,369386,Victoria Pearson,20918
3.49,289654,Kim Philby,388
3.49,227601,Tracey Gold,189
3.6,117888,Julie McCarron,435
